{
  "capture_time": "2026-04-29T17:52:51.074802",
  "bgra_shape": [
    720,
    1280,
    4
  ],
  "depth_shape": [
    720,
    1280
  ],
  "intrinsics": {
    "fx": 537.6513671875,
    "fy": 537.6513671875,
    "cx": 652.9461669921875,
    "cy": 365.9669189453125,
    "width": 1280,
    "height": 720,
    "model": "pinhole_left"
  }
}