{
  "capture_time": "2026-04-29T17:53:25.544285",
  "bgra_shape": [
    720,
    1280,
    4
  ],
  "depth_shape": [
    720,
    1280
  ],
  "intrinsics": {
    "fx": 537.4713745117188,
    "fy": 537.4713745117188,
    "cx": 652.9451293945312,
    "cy": 365.9681091308594,
    "width": 1280,
    "height": 720,
    "model": "pinhole_left"
  }
}