{
  "capture_time": "2026-04-29T17:55:00.808382",
  "bgra_shape": [
    720,
    1280,
    4
  ],
  "depth_shape": [
    720,
    1280
  ],
  "intrinsics": {
    "fx": 537.48876953125,
    "fy": 537.48876953125,
    "cx": 652.94580078125,
    "cy": 365.96728515625,
    "width": 1280,
    "height": 720,
    "model": "pinhole_left"
  }
}