{
  "capture_time": "2026-04-29T17:54:33.672028",
  "bgra_shape": [
    720,
    1280,
    4
  ],
  "depth_shape": [
    720,
    1280
  ],
  "intrinsics": {
    "fx": 537.54638671875,
    "fy": 537.54638671875,
    "cx": 652.9472045898438,
    "cy": 365.9656677246094,
    "width": 1280,
    "height": 720,
    "model": "pinhole_left"
  }
}