{
  "capture_time": "2026-04-29T17:54:12.338910",
  "bgra_shape": [
    720,
    1280,
    4
  ],
  "depth_shape": [
    720,
    1280
  ],
  "intrinsics": {
    "fx": 537.593017578125,
    "fy": 537.593017578125,
    "cx": 652.9454345703125,
    "cy": 365.9677734375,
    "width": 1280,
    "height": 720,
    "model": "pinhole_left"
  }
}