{
  "capture_time": "2026-04-29T17:56:03.043972",
  "bgra_shape": [
    720,
    1280,
    4
  ],
  "depth_shape": [
    720,
    1280
  ],
  "intrinsics": {
    "fx": 537.748046875,
    "fy": 537.748046875,
    "cx": 652.931884765625,
    "cy": 365.9841613769531,
    "width": 1280,
    "height": 720,
    "model": "pinhole_left"
  }
}