{
  "capture_time": "2026-04-29T17:55:32.544307",
  "bgra_shape": [
    720,
    1280,
    4
  ],
  "depth_shape": [
    720,
    1280
  ],
  "intrinsics": {
    "fx": 537.4722290039062,
    "fy": 537.4722290039062,
    "cx": 652.94189453125,
    "cy": 365.9719543457031,
    "width": 1280,
    "height": 720,
    "model": "pinhole_left"
  }
}