{
  "capture_time": "2026-04-29T17:53:11.802687",
  "bgra_shape": [
    720,
    1280,
    4
  ],
  "depth_shape": [
    720,
    1280
  ],
  "intrinsics": {
    "fx": 537.7137451171875,
    "fy": 537.7137451171875,
    "cx": 652.947509765625,
    "cy": 365.96539306640625,
    "width": 1280,
    "height": 720,
    "model": "pinhole_left"
  }
}