{
  "capture_time": "2026-04-29T17:53:39.135446",
  "bgra_shape": [
    720,
    1280,
    4
  ],
  "depth_shape": [
    720,
    1280
  ],
  "intrinsics": {
    "fx": 537.4033813476562,
    "fy": 537.4033813476562,
    "cx": 652.9456176757812,
    "cy": 365.96746826171875,
    "width": 1280,
    "height": 720,
    "model": "pinhole_left"
  }
}