{
  "capture_time": "2026-04-29T17:55:48.075155",
  "bgra_shape": [
    720,
    1280,
    4
  ],
  "depth_shape": [
    720,
    1280
  ],
  "intrinsics": {
    "fx": 537.5135498046875,
    "fy": 537.5135498046875,
    "cx": 652.9441528320312,
    "cy": 365.9692687988281,
    "width": 1280,
    "height": 720,
    "model": "pinhole_left"
  }
}