{
  "capture_time": "2026-04-24T17:38:19.499512",
  "bgra_shape": [
    720,
    1280,
    4
  ],
  "depth_shape": [
    720,
    1280
  ],
  "intrinsics": {
    "fx": 537.5318603515625,
    "fy": 537.5318603515625,
    "cx": 652.9489135742188,
    "cy": 365.963623046875,
    "width": 1280,
    "height": 720,
    "model": "pinhole_left"
  }
}