{
  "capture_time": "2026-04-24T16:55:33.831291",
  "bgra_shape": [
    720,
    1280,
    4
  ],
  "depth_shape": [
    720,
    1280
  ],
  "intrinsics": {
    "fx": 537.4717407226562,
    "fy": 537.4717407226562,
    "cx": 652.9514770507812,
    "cy": 365.9605407714844,
    "width": 1280,
    "height": 720,
    "model": "pinhole_left"
  }
}