{
  "capture_time": "2026-04-24T17:46:08.044283",
  "bgra_shape": [
    720,
    1280,
    4
  ],
  "depth_shape": [
    720,
    1280
  ],
  "intrinsics": {
    "fx": 537.3985595703125,
    "fy": 537.3985595703125,
    "cx": 652.95166015625,
    "cy": 365.9602966308594,
    "width": 1280,
    "height": 720,
    "model": "pinhole_left"
  }
}