{
  "capture_time": "2026-04-24T17:43:02.407928",
  "bgra_shape": [
    720,
    1280,
    4
  ],
  "depth_shape": [
    720,
    1280
  ],
  "intrinsics": {
    "fx": 537.7616577148438,
    "fy": 537.7616577148438,
    "cx": 652.9454956054688,
    "cy": 365.96783447265625,
    "width": 1280,
    "height": 720,
    "model": "pinhole_left"
  }
}