{
  "capture_time": "2026-04-24T18:03:52.399044",
  "bgra_shape": [
    720,
    1280,
    4
  ],
  "depth_shape": [
    720,
    1280
  ],
  "intrinsics": {
    "fx": 537.6766967773438,
    "fy": 537.6766967773438,
    "cx": 652.9468383789062,
    "cy": 365.9661865234375,
    "width": 1280,
    "height": 720,
    "model": "pinhole_left"
  }
}