{
  "capture_time": "2026-04-24T18:04:48.209011",
  "bgra_shape": [
    720,
    1280,
    4
  ],
  "depth_shape": [
    720,
    1280
  ],
  "intrinsics": {
    "fx": 537.4429931640625,
    "fy": 537.4429931640625,
    "cx": 652.94873046875,
    "cy": 365.96380615234375,
    "width": 1280,
    "height": 720,
    "model": "pinhole_left"
  }
}