{
  "capture_time": "2026-04-24T18:03:16.662526",
  "bgra_shape": [
    720,
    1280,
    4
  ],
  "depth_shape": [
    720,
    1280
  ],
  "intrinsics": {
    "fx": 537.3203125,
    "fy": 537.3203125,
    "cx": 652.9522705078125,
    "cy": 365.9595031738281,
    "width": 1280,
    "height": 720,
    "model": "pinhole_left"
  }
}