{
  "capture_time": "2026-04-24T17:51:08.868217",
  "bgra_shape": [
    720,
    1280,
    4
  ],
  "depth_shape": [
    720,
    1280
  ],
  "intrinsics": {
    "fx": 537.6466674804688,
    "fy": 537.6466674804688,
    "cx": 652.948486328125,
    "cy": 365.96417236328125,
    "width": 1280,
    "height": 720,
    "model": "pinhole_left"
  }
}