{
  "capture_time": "2026-04-24T17:52:13.039983",
  "bgra_shape": [
    720,
    1280,
    4
  ],
  "depth_shape": [
    720,
    1280
  ],
  "intrinsics": {
    "fx": 537.65185546875,
    "fy": 537.65185546875,
    "cx": 652.943359375,
    "cy": 365.9703369140625,
    "width": 1280,
    "height": 720,
    "model": "pinhole_left"
  }
}