{
  "capture_time": "2026-04-24T17:58:10.316312",
  "bgra_shape": [
    720,
    1280,
    4
  ],
  "depth_shape": [
    720,
    1280
  ],
  "intrinsics": {
    "fx": 537.5382080078125,
    "fy": 537.5382080078125,
    "cx": 652.949462890625,
    "cy": 365.9629211425781,
    "width": 1280,
    "height": 720,
    "model": "pinhole_left"
  }
}