{
  "capture_time": "2026-04-24T15:41:49.082885",
  "bgra_shape": [
    720,
    1280,
    4
  ],
  "depth_shape": [
    720,
    1280
  ],
  "intrinsics": {
    "fx": 537.5534057617188,
    "fy": 537.5534057617188,
    "cx": 652.947509765625,
    "cy": 365.96533203125,
    "width": 1280,
    "height": 720,
    "model": "pinhole_left"
  }
}