{
  "capture_time": "2026-04-24T15:56:02.104771",
  "bgra_shape": [
    720,
    1280,
    4
  ],
  "depth_shape": [
    720,
    1280
  ],
  "intrinsics": {
    "fx": 537.2925415039062,
    "fy": 537.2925415039062,
    "cx": 652.95263671875,
    "cy": 365.9590759277344,
    "width": 1280,
    "height": 720,
    "model": "pinhole_left"
  }
}