{
  "capture_time": "2026-04-24T15:32:09.982711",
  "bgra_shape": [
    720,
    1280,
    4
  ],
  "depth_shape": [
    720,
    1280
  ],
  "intrinsics": {
    "fx": 537.5242309570312,
    "fy": 537.5242309570312,
    "cx": 652.9503784179688,
    "cy": 365.9618225097656,
    "width": 1280,
    "height": 720,
    "model": "pinhole_left"
  }
}