{
  "capture_time": "2026-04-24T15:31:23.187485",
  "bgra_shape": [
    720,
    1280,
    4
  ],
  "depth_shape": [
    720,
    1280
  ],
  "intrinsics": {
    "fx": 537.6333618164062,
    "fy": 537.6333618164062,
    "cx": 652.9489135742188,
    "cy": 365.96368408203125,
    "width": 1280,
    "height": 720,
    "model": "pinhole_left"
  }
}